ID,Name,Age,Gender,Number,Balance,FileName
1,Jaspreet Singh,21,M,1234567890,696969,Training Folder/Jaspreet.jpeg
ID,Name,Age,Gender,Number,Balance,FileName
2,Ashish Adhikari,23,M,9517599874,12345,Training Folder/Ashish.jpeg
ID,Name,Age,Gender,Number,Balance,FileName
1,Jaspreet Singh,21,M,1234567890,696969,Training Folder/Jaspreet.jpeg
ID,Name,Age,Gender,Number,Balance,FileName
1,Jaspreet Singh,21,M,1234567890,696969,Training Folder/Jaspreet.jpeg
2,Ashish Adhikari,23,M,9517599874,12345,Training Folder/Ashish.jpeg
3,Obama,52,M,1000000000,9999999,Training Folder/Obama.jpg
ID,Name,Age,Gender,Number,Balance,FileName
1,Jaspreet Singh,21,M,1234567890,696969,Training Folder/Jaspreet.jpeg
ID,Name,Age,Gender,Number,Balance,FileName
3,Obama,52,M,1000000000,9999999,Training Folder/Obama.jpg
ID,Name,Age,Gender,Number,Balance,FileName
1,Jaspreet Singh,21,M,1234567890,696969,Training Folder/Jaspreet.jpeg
ID,Name,Age,Gender,Number,Balance,FileName
1,Jaspreet Singh,21,M,1234567890,696969,Training Folder/Jaspreet.jpeg
3,Obama,52,M,1000000000,9999999,Training Folder/Obama.jpg
ID,Name,Age,Gender,Number,Balance,FileName
1,Jassi,21,M,123,234567,Training Folder/Jaspreet.jpeg
2,Obama,123,M,1234,23453,Training Folder/Obama.jpg
ID,Name,Age,Gender,Number,Balance,FileName
1,Jaspreet Singh,21,M,1234567890,696969,Training Folder/Jaspreet.jpeg
3,Obama,52,M,1000000000,9999999,Training Folder/Obama.jpg
ID,Name,Age,Gender,Number,Balance,FileName
ID,Name,Age,Gender,Number,Balance,FileName
1,Jaspreet Singh,21,M,1234567890,696969,Training Folder/Jaspreet.jpeg
2,Ashish Adhikari,23,M,9517599874,12345,Training Folder/Ashish.jpeg
3,Obama,52,M,1000000000,9999999,Training Folder/Obama.jpg
1,Jaspreet Singh,21,M,1234567890,696969,Training Folder/Jaspreet.jpeg
2,Ashish Adhikari,23,M,9517599874,12345,Training Folder/Ashish.jpeg
3,Obama,52,M,1000000000,9999999,Training Folder/Obama.jpg
ID,Name,Age,Gender,Number,Balance,FileName
1,Jaspreet Singh,21,M,1234567890,696969,Training Folder/Jaspreet.jpeg
1,Jaspreet Singh,21,M,1234567890,696969,Training Folder/Jaspreet.jpeg
ID,Name,Age,Gender,Number,Balance,FileName
1,Jaspreet Singh,21,M,1234567890,696969,Training Folder/Jaspreet.jpeg
ID,Name,Age,Gender,Number,Balance,FileName
1,Jaspreet Singh,21,M,1234567890,696969,Training Folder/Jaspreet.jpeg
1,Jaspreet Singh,21,M,1234567890,696969,Training Folder/Jaspreet.jpeg
1,Jaspreet Singh,21,M,1234567890,696969,Training Folder/Jaspreet.jpeg
1,Jaspreet Singh,21,M,1234567890,696969,Training Folder/Jaspreet.jpeg
1,Jaspreet Singh,21,M,1234567890,696969,Training Folder/Jaspreet.jpeg
1,Jaspreet Singh,21,M,1234567890,696969,Training Folder/Jaspreet.jpeg
1,Jaspreet Singh,21,M,1234567890,696969,Training Folder/Jaspreet.jpeg
1,Jaspreet Singh,21,M,1234567890,696969,Training Folder/Jaspreet.jpeg
ID,Name,Age,Gender,Number,Balance,FileName
1,Jaspreet Singh,21,M,1234567890,696969,Training Folder/Jaspreet.jpeg
1,Jaspreet Singh,21,M,1234567890,696969,Training Folder/Jaspreet.jpeg
1,Jaspreet Singh,21,M,1234567890,696969,Training Folder/Jaspreet.jpeg
1,Jaspreet Singh,21,M,1234567890,696969,Training Folder/Jaspreet.jpeg
ID,Name,Age,Gender,Number,Balance,FileName
1,Jaspreet Singh,21,M,1234567890,696969,Training Folder/Jaspreet.jpeg
ID,Name,Age,Gender,Number,Balance,FileName
1,Jaspreet Singh,21,M,1234567890,696969,Training Folder/Jaspreet.jpeg
1,Jaspreet Singh,21,M,1234567890,696969,Training Folder/Jaspreet.jpeg
ID,Name,Age,Gender,Number,Balance,FileName
2,Obama,123,M,123,123432,Training Folder/Obama.jpg
